label,value
InterestExpenseDebt,"1,263,000,000"
DeferredStateAndLocalIncomeTaxExpenseBenefit,"-325,000,000"
DeferredIncomeTaxesAndTaxCredits,"-7,893,000,000"
RevenueFromContractWithCustomerExcludingAssessedTax,"1,853,997,000,000"
LaborAndRelatedExpense,"230,916,000,000"
ProceedsFromIssuanceOfLongTermDebt,"28,808,000,000"
StockholdersEquityOther,"-6,000,000"
VariableLeaseCost,"1,787,000,000"
SellingAndMarketingExpense,"38,910,000,000"
GeneralAndAdministrativeExpense,"32,964,000,000"
UnrecognizedTaxBenefitsDecreasesResultingFromPriorPeriodTaxPositions,"441,000,000"
EffectiveIncomeTaxRateReconciliationFdiiPercent,0
CurrentFederalTaxExpenseBenefit,"20,597,000,000"
GoodwillOtherIncreaseDecrease,"-18,000,000"
AllocatedShareBasedCompensationExpense,"85,418,000,000"
DeferredIncomeTaxExpenseBenefit,"-7,883,000,000"
IncomeLossFromContinuingOperationsBeforeIncomeTaxesForeign,"12,044,000,000"
AdjustmentsRelatedToTaxWithholdingForShareBasedCompensation,"48,754,000,000"
ForeignCurrencyTransactionGainLossBeforeTax,"-1,137,000,000"
UnrecognizedTaxBenefitsIncreasesResultingFromPriorPeriodTaxPositions,"1,063,000,000"
EffectiveIncomeTaxRateReconciliationTaxCreditsResearch,0
PaymentsRelatedToTaxWithholdingForShareBasedCompensation,"24,377,000,000"
IncreaseDecreaseInAccountsPayableTrade,"634,000,000"
OperatingIncomeLoss,"290,150,000,000"
UnrecognizedTaxBenefitsIncreasesResultingFromCurrentPeriodTaxPositions,"5,252,000,000"
EffectiveIncomeTaxRateContinuingOperations,0
Depreciation,"58,760,000,000"
IncreaseDecreaseInAccountsReceivable,"3,653,000,000"
CurrentIncomeTaxExpenseBenefit,"30,135,000,000"
AdvertisingExpense,"6,730,000,000"
IncreaseDecreaseInOtherNoncurrentLiabilities,"4,315,000,000"
DividendsCommonStock,"5,121,000,000"
IncomeTaxExpenseBenefit,"22,252,000,000"
CostsAndExpenses,"270,937,000,000"
CommonStockDividendsPerShareDeclared,2
ProceedsFromSaleAndMaturityOfMarketableSecurities,"35,131,000,000"
FinanceLeaseInterestExpense,"59,000,000"
CashCashEquivalentsRestrictedCashAndRestrictedCashEquivalentsPeriodIncreaseDecreaseIncludingExchangeRateEffect,"28,573,000,000"
ShareBasedCompensation,"42,709,000,000"
PaymentsForProceedsFromOtherInvestingActivities,"-102,000,000"
TangibleAssetImpairmentCharges,"3,036,000,000"
IncreaseDecreaseInAccruedLiabilities,"9,704,000,000"
PaymentsOfDividends,"10,143,000,000"
EffectOfExchangeRateOnCashCashEquivalentsRestrictedCashAndRestrictedCashEquivalents,"-1,311,000,000"
OtherComprehensiveIncomeUnrealizedHoldingGainLossOnSecuritiesArisingDuringPeriodNetOfTax,"-425,000,000"
AmortizationOfIntangibleAssets,"557,000,000"
IncomeLossFromContinuingOperationsBeforeIncomeTaxesDomestic,"134,866,000,000"
IncomeLossFromContinuingOperationsBeforeIncomeTaxesExtraordinaryItemsNoncontrollingInterest,"146,910,000,000"
OtherCostAndExpenseOperating,"310,958,000,000"
EffectiveIncomeTaxRateReconciliationStateAndLocalIncomeTaxes,0
EffectiveIncomeTaxRateReconciliationNondeductibleExpenseShareBasedCompensationCost,0
NonoperatingIncomeExpense,"1,835,000,000"
DepreciationDepletionAndAmortization,"35,362,000,000"
PaymentsToAcquireMarketableSecurities,"38,150,000,000"
GoodwillAcquiredDuringPeriod,"357,000,000"
PaymentsToAcquirePropertyPlantAndEquipment,"95,487,000,000"
DeferredFederalIncomeTaxExpenseBenefit,"-7,418,000,000"
WeightedAverageNumberOfSharesOutstandingBasic,"15,590,000,000"
InterestPaidNet,"934,000,000"
CurrentForeignTaxExpenseBenefit,"7,312,000,000"
CostOfRevenue,"81,369,000,000"
RightOfUseAssetObtainedInExchangeForFinanceLeaseLiability,"992,000,000"
InterestExpenseNonoperating,"1,346,000,000"
StockRepurchasedAndRetiredDuringPeriodShares,"318,000,000"
LeaseCost,"9,269,000,000"
CapitalExpendituresIncurredButNotYetPaid,"14,551,000,000"
NetIncomeLossAttributableToParentDiluted,"124,658,000,000"
RightOfUseAssetObtainedInExchangeForOperatingLeaseLiability,"12,520,000,000"
InvestmentIncomeInterest,"4,617,000,000"
ComprehensiveIncomeNetOfTax,"122,254,000,000"
FinanceLeaseRightOfUseAssetAmortization,"1,116,000,000"
NetCashProvidedByUsedInInvestingActivities,"-100,615,000,000"
NetCashProvidedByUsedInOperatingActivities,"212,916,000,000"
ProceedsFromPaymentsForOtherFinancingActivities,"-44,000,000"
IncomeTaxesPaidNet,"23,568,000,000"
EarningsPerShareBasic,48
FinanceLeaseInterestPaymentOnLiability,"59,000,000"
OtherNonoperatingIncomeExpense,"-299,000,000"
SharesPaidForTaxWithholdingForShareBasedCompensation,"73,000,000"
CurrentStateAndLocalTaxExpenseBenefit,"2,226,000,000"
EffectiveIncomeTaxRateReconciliationOtherAdjustments,0
NumberOfReportableSegments,2
NetCashProvidedByUsedInFinancingActivities,"-82,417,000,000"
AdjustmentsToAdditionalPaidInCapitalSharebasedCompensationRequisiteServicePeriodRecognitionValue,"42,709,000,000"
UndistributedEarnings,"119,586,000,000"
ImpairmentOfLongLivedAssetsHeldForUse,"9,683,000,000"
OperatingLeasePayments,"6,717,000,000"
IncreaseDecreaseInOtherOperatingAssets,"456,000,000"
ResearchAndDevelopmentExpense,"117,694,000,000"
WeightedAverageNumberOfDilutedSharesOutstanding,"7,945,000,000"
EarningsPerShareDiluted,47
StockRepurchasedAndRetiredDuringPeriodValue,"107,463,000,000"
UnrecognizedTaxBenefitsDecreasesResultingFromSettlementsWithTaxingAuthorities,"462,000,000"
EffectiveIncomeTaxRateReconciliationAtFederalStatutoryIncomeTaxRate,0
NetIncomeLoss,"124,658,000,000"
StockIssuedDuringPeriodSharesNewIssues,"119,000,000"
OperatingLeaseCost,"6,307,000,000"
OtherNoncashIncomeExpense,"-1,363,000,000"
PaymentsForRepurchaseOfCommonStock,"77,855,000,000"
NumberOfReportingUnits,2
OtherComprehensiveIncomeLossForeignCurrencyTransactionAndTranslationAdjustmentNetOfTax,"-1,979,000,000"
EffectiveIncomeTaxRateReconciliationForeignIncomeTaxRateDifferential,0
FinanceLeasePrincipalPayments,"3,877,000,000"
IncrementalCommonSharesAttributableToShareBasedPaymentArrangements,"150,000,000"
IncreaseDecreaseInPrepaidDeferredExpenseAndOtherAssets,"-23,000,000"
OtherComprehensiveIncomeLossNetOfTaxPortionAttributableToParent,"-2,404,000,000"
UnrecognizedTaxBenefitsReductionsResultingFromLapseOfApplicableStatuteOfLimitations,"88,000,000"
DeferredForeignIncomeTaxExpenseBenefit,"-140,000,000"
LongTermPurchaseCommitmentAmount,"24,970,000,000"
InterestCostsCapitalized,"667,000,000"
